task_fig2a.time/60,task_fig2a.MAPK_PP,task_fig2a.MAPK
0.0,0.0,300.0
0.15,0.10530115108573457,298.22710166938595
0.3,0.3349209177416243,296.7425755833176
0.45,0.7152701026358644,295.01209280250674
0.6,1.385839402265751,292.589711727319
0.75,2.565562314062455,289.0756355044945
0.9,4.52892021476045,284.1212115575729
1.05,7.569002280185371,277.4537065567812
1.2,11.964172696605136,268.8861468019668
1.35,17.96098382188779,258.3008811916314
1.5,25.766290338483675,245.62841151516147
1.65,35.542369247002355,230.8354986538634
1.8,47.406178009597525,213.9208866375314
1.95,61.432799729903635,194.9154527370839
2.1,77.66079173266523,173.88642063695877
2.25,96.09702524591994,150.9479204736002
2.4,116.71929311523998,126.2834767397324
2.55,139.47483369429273,100.19517086506298
2.7,164.27084461056413,73.2185223798486
2.85,190.94397031384952,46.42892377790455
3.0,219.1594313464375,22.320878632401797
3.15,248.01213333087273,6.432112957006978
3.3,274.6529694806348,1.6269595029008757
3.45,292.36795343763134,0.6775247202799187
3.6,297.6583422953716,0.2426072605455089
3.75,298.4074541379279,0.130660157552298
3.9,298.53549442486684,0.11004506438751636
4.05,298.5915189533014,0.10237163994882488
4.2,298.63442163579697,0.09689120518351065
4.35,298.67063931151523,0.0923788188903643
4.5,298.70133496496646,0.08861824623123787
4.65,298.72711875526386,0.08550333118653913
4.8,298.7485156734256,0.08294834730928793
4.95,298.76601480628995,0.08087859435275926
5.1,298.7800859182605,0.07922658083258206
5.25,298.7911765135756,0.07793160214458938
5.4,298.79970789652907,0.07693903139550955
5.55,298.80606725000325,0.07620026015091479
5.7,298.81059740850367,0.07567340330406484
5.85,298.8135928005715,0.07532316421126833
6.0,298.81529885477556,0.07512053398008708
6.15,298.81591462035016,0.07504227852741234
6.3,298.81559804456526,0.07507012693453186
6.45,298.81447177037785,0.07519002566704432
6.6,298.8126289379616,0.0753914108830674
6.75,298.81013848052294,0.07566655633629703
6.9,298.8070495402037,0.07601005531425233
7.05,298.8033951417523,0.07641838906001863
7.2,298.79919511928244,0.07688958971548462
7.35,298.7944584516825,0.0774229874129436
7.5,298.78918505884894,0.07801900902188719
7.65,298.78336675906263,0.07867900196667375
7.8,298.77698901268286,0.0794051812785488
7.95,298.77003167361454,0.08020053320326823
8.1,298.76246880267524,0.0810687247232891
8.25,298.75426975023976,0.08201412631912094
8.4,298.7453991618984,0.08304177106360924
8.55,298.7358173492583,0.08415735714232124
8.7,298.72548036303186,0.0853672719871756
8.85,298.7143397584247,0.0866786093861453
9.0,298.7023428276615,0.08809921877496112
9.15,298.6894322935259,0.08963773815338781
9.3,298.6755463144608,0.09130367723073887
9.45,298.6606180773203,0.09310746991887804
9.6,298.64457561878424,0.0950605779050331
9.75,298.6273412807572,0.09717559695425536
9.9,298.60883128256745,0.09946636881560049
10.05,298.58895527825865,0.10194812747838623
10.2,298.5676157607143,0.10463764934698049
10.35,298.5447073195177,0.10755345391211565
10.5,298.52011565808004,0.110716014207848
10.65,298.4937166978076,0.11414801122148528
10.8,298.4653755875843,0.1178746057938619
10.95,298.43494552840883,0.12192377263839932
11.1,298.4022662774636,0.12632667136805315
11.25,298.3671622541145,0.13111809959658843
11.4,298.3294407666272,0.13633701524580233
11.55,298.28888996645264,0.14202711576787175
11.7,298.2452766880301,0.14823753141299623
11.85,298.1983434149255,0.1550235628812599
12.0,298.14780418410595,0.16244771027744012
12.15,298.09334083878696,0.1705807889654762
12.3,298.03459810207556,0.17950345455661249
12.45,297.97117992706694,0.18930765473740954
12.6,297.9026432116791,0.20009817347279632
12.75,297.8284875794509,0.2119950845742271
12.9,297.7481455255247,0.22513660267819016
13.05,297.6609744010384,0.239682884311605
13.2,297.56624621304724,0.25581913016964025
13.35,297.4631310382683,0.27376067760744616
13.5,297.3506752769866,0.29375906808183383
13.65,297.22776892461604,0.31611089235083023
13.8,297.09313882569586,0.3411641913953151
13.95,296.9453206063324,0.3693282498881048
14.1,296.78262459059385,0.40108884668831024
14.25,296.60306118295495,0.4370337178413278
14.4,296.404273651534,0.47785363660033076
14.55,296.18352418744087,0.5243766765303002
14.7,295.93765437072204,0.5776267738947455
14.85,295.662826740752,0.6388136771941576
15.0,295.3545836262762,0.709419136649523
15.15,295.0077424383202,0.7912716259277632
15.3,294.61593714127116,0.8865508937307378
15.45,294.1719410160064,0.9980099987230862
15.6,293.66702356551286,1.1289449557615219
15.75,293.091142771411,1.2834961024922364
15.9,292.43243863996554,1.4666719415721818
16.05,291.6773995323313,1.6846706859186729
16.2,290.81051890321993,1.9450609785814483
16.35,289.8145216123596,2.2570276723759393
16.5,288.6705028962417,2.6316090486871015
16.65,287.3585047643616,3.0819359318379975
16.8,285.8582706718439,3.6232535410424958
16.95,284.1503902120938,4.2728030534175865
17.1,282.2178205181495,5.049370182305042
17.25,280.0476312600407,5.972300140419597
17.4,277.632724896834,7.060040530402277
17.55,274.9732882374745,8.328223592444376
17.7,272.07763018199626,9.78754362690814
17.85,268.96205679396775,11.441964476985444
18.0,265.6496409303676,13.287831168663688
18.15,262.16803760348984,15.314247158802447
18.3,258.54679417379623,17.504694521878687
18.45,254.8145295400251,19.83947500217761
18.6,250.99699170159357,22.298097627239226
18.75,247.11585079449222,24.86130909268085
18.9,243.18836198206523,27.512290269018543
19.05,239.2276293386301,30.23714753767395
19.2,235.24317353504142,33.02490630783001
19.35,231.24162329853948,35.867204803939686
19.5,227.22738506619567,38.75786255244703
19.65,223.20320423242654,41.69243566669265
19.8,219.17066946348774,44.66777683119447
19.95,215.13063359189906,47.68163002285995
20.1,211.08357071316598,50.7322650161547
20.25,207.0298676275108,53.81816715148099
20.4,202.97005950814847,56.93776959581492
20.55,198.9049509057332,60.08931052471947
20.7,194.83565867754047,63.27077409413409
20.85,190.76358277348507,66.47991052109383
21.0,186.6903235458325,69.71431856089076
21.15,182.61758680326574,72.97154447172437
21.3,178.547097853912,76.24917332980277
21.45,174.48053720067617,79.5448982757058
21.6,170.4195023195988,82.8565618169816
21.75,166.36549187112658,86.1821726579538
21.9,162.31990681392722,89.51990393658951
22.05,158.28406268081,92.8680790629326
22.2,154.2592080470841,96.22515065358269
22.35,150.2465458929365,99.58967628668063
22.5,146.2472557090952,102.96029352194114
22.65,142.26251512054796,106.3356956075021
22.8,138.29352058719147,109.71460841993128
22.95,134.34150710465528,113.09576876020147
23.1,130.4077672641241,116.47790358520103
23.25,126.49366969652262,119.85971021973647
23.4,122.60067752734248,123.23983683062745
23.55,118.73036738366703,126.61686249117027
23.7,114.88444920586511,129.98927663817264
23.85,111.06478743805579,133.35545708059487
24.0,107.27342408555558,136.7136460936761
24.15,103.51260412684832,140.0619239498667
24.3,99.78480377597988,143.39817919709355
24.45,96.09276211306376,146.72007495850482
24.6,92.43951671260032,150.02501036158853
24.75,88.8284439056163,153.3100761415847
24.9,85.26330436080221,156.57200327575072
25.05,81.74829464396939,159.8071034317534
25.2,78.28810532123991,163.0112000446402
25.35,74.88798677066984,166.1795478043241
25.5,71.55382295938956,169.30673931396262
25.65,68.29221399045166,172.3865966001175
25.8,65.11056760263155,175.41204594444105
25.95,62.01720000247134,178.37497289885985
26.1,59.0214455247498,181.2660559922027
26.25,56.1337741397958,184.0745771415321
26.4,53.365914550025856,186.78820873867718
26.55,50.73098043332069,189.39277597922012
26.7,48.243595006748,191.8719975123393
26.85,45.920008017906845,194.2072096849335
27.0,43.778197700724654,196.3770836177524
27.15,41.837949615426545,198.35734917468204
27.3,40.120903459456606,200.12054827637303
27.45,38.65055855971802,201.63584724771306
27.6,37.45223394106602,202.8689439187082
27.75,36.5529840928178,203.78210435875866
27.9,35.98146904366247,204.33438048621875
28.05,35.767789542508034,204.48203630551384
28.2,35.94329426825755,204.17920522397569
28.35,36.54036463206527,203.3787745564835
28.5,37.5921703945458,202.03347202828743
28.65,39.13237664462213,200.09709517815327
28.8,41.19479001592332,197.52580265933267
28.95,43.81291573723275,194.2793884222627
29.1,47.01940688303034,190.32247467045494
29.25,50.845414443000415,185.62555917230685
29.4,55.31987418581484,180.16588846850473
29.55,60.46876973881957,173.92816629794595
29.7,66.31441528339269,166.90513982210976
29.85,72.87480548427526,159.09812207487985
30.0,80.16307051059262,150.51752945754944
30.15,88.18704602498654,141.18355574262569
30.3,96.94893850928429,131.12713345300276
30.45,106.44507526004217,120.39141978234923
30.6,116.66568766282468,109.03413078173924
30.75,127.59465661565388,97.13127921269131
30.9,139.20909962531832,84.78325696617199
31.05,151.47872224727556,72.12460108252463
31.2,164.3644069445875,59.341572324094145
31.35,177.81562575167516,46.70040303976767
31.5,191.76546183640983,34.59353928508959
31.65,206.12046018163656,23.605547634473062
31.8,220.74073028742228,14.541326747925199
31.95,235.40350360414317,8.19570896964837
32.1,249.75336745720162,4.66396504991401
32.25,263.2563818757479,3.0426655393391324
32.4,275.1650687098721,2.2674088816885836
32.55,284.56354900065503,1.739074705821321
32.7,290.7799443640865,1.266850466598741
32.85,294.09825019437824,0.8837072943287547
33.0,295.5964536480263,0.643940828253487
33.15,296.22196187594665,0.522887913391625
33.3,296.47755628575163,0.4687026948523048
33.45,296.5805634971912,0.44596135406855664
33.6,296.61867725047676,0.43728774307471946
33.75,296.6264911886508,0.43523601537555456
33.9,296.6175063988239,0.4367988916649884
34.05,296.59691569645094,0.4408128172580458
34.2,296.56662123090365,0.4468561219554791
34.35,296.5271956942478,0.45481291108847827
34.5,296.4786187914659,0.4647064357167828
34.65,296.4205799368092,0.476631389943649
34.8,296.3525827289407,0.49073080104461286
34.95,296.27395947530135,0.5071944188054428
35.1,296.183889014315,0.526256529705665
35.25,296.0813867376981,0.5482005170462583
35.4,295.9652813088012,0.5733674557135017
35.55,295.8341890946276,0.6021657570035207
35.7,295.6864731160735,0.635086491657408
35.85,295.5202063775542,0.6727182706933706
36.0,295.33313257906974,0.7157636337086277
36.15,295.12260755977934,0.7650635521905012
36.3,294.885520640034,0.8216317960144218
36.45,294.6182108608313,0.8866935854608742
36.6,294.3163814510903,0.961726785885115
36.75,293.9749959255058,1.0485153478311684
36.9,293.58814569704003,1.1492253632419795
37.05,293.1489040635064,1.2664993734374461
37.2,292.649184796815,1.4035564244528
37.35,292.0796012743015,1.564302573010798
37.5,291.4293205933815,1.7534789180771981
37.65,290.68594627921414,1.9768606590973643
37.8,289.83548698812837,2.2414721438420337
37.95,288.86242921400935,2.555762242728701
38.1,287.74989955721793,2.9297383591896184
38.25,286.4800366129711,3.37513042318858
38.4,285.03465283957263,3.9055700933823787
38.55,283.39620831052184,4.5365420116826645
38.7,281.54903558121487,5.284799459811896
38.85,279.48030900338097,6.167636564734433
39.0,277.182006027049,7.2021182312828245
39.15,274.6523655763051,8.403355767897073
39.3,271.89573087732725,9.782503782077388
39.45,268.92363930796364,11.345754289494108
39.6,265.7543273542942,13.092992175088801
39.75,262.410350457979,15.017244170081412
39.9,258.91744839677074,17.106263866620733
40.05,255.30194892371378,19.343700103365762
40.2,251.5887458354112,21.71127367353851
40.35,247.79999085519202,24.190693672832744
40.5,243.95428079885136,26.765006543387425
40.65,240.06655538983682,29.419452944762977
40.8,236.14835003658965,32.14174448124241
40.95,232.20825759495753,34.922028274477405
41.1,228.25245703990902,37.7526390749093
41.25,224.28523042228116,40.62777329910325
41.4,220.30937273006137,43.5431718248549
41.55,216.3265573494152,46.49581167564447
41.7,212.33763033177524,49.48363397713137
41.85,208.34286602518978,52.5052911060902
42.0,204.34220049326066,55.55990292337616
42.15,200.33544866404844,58.64682100886051
42.3,196.3224994124176,61.765410787496656
42.45,192.30349193419187,64.9148497128144
42.6,188.27894043840436,68.09398116898696
42.75,184.2497606753337,71.30127344554805
42.9,180.21724780329194,74.53483557330232
43.05,176.18300119457808,77.79249465323177
43.2,172.14881724632926,81.07190917504528
43.35,168.11658682591388,84.3706805595878
43.5,164.0882106622338,87.68644661264581
43.65,160.06554172655913,91.0169453583332
43.8,156.05035379978105,94.36005069500146
43.95,152.04433181390533,97.71378402933767
44.1,148.04907801854813,101.07630816332829
44.25,144.06612798372095,104.44591027529673
44.4,140.09697231637438,107.82097848653059
44.55,136.14308092982742,111.19997564814004
44.7,132.20592820543948,114.58141217273256
44.85,128.28701798284993,117.96381919328256
45.0,124.38790817318117,121.34572229000409
45.15,120.5102349250612,124.7256159244502
45.3,116.65573674010395,128.10193810397044
45.45,112.8262790590951,131.47304466911075
45.6,109.02387980943716,134.83718264052953
45.75,105.25073637356176,138.19246204987672
45.9,101.50925469980776,141.53682536863894
46.05,97.80208109788424,144.8680137911625
46.2,94.13213742462685,148.1835294205707
46.35,90.50266028879956,151.48059242620977
46.5,86.91724489000988,154.75609219740286
46.65,83.37989448252732,158.00653093516513
46.8,79.8950759573174,161.2279586228116
46.95,76.46778251828604,164.41589751810434
47.1,73.1036038738882,167.56525487572407
47.25,69.8088048639142,170.6702216188379
47.4,66.59041305903062,173.72415479950334
47.55,63.45631538731978,176.71944201537772
47.7,60.415363941901845,179.64734503185383
47.85,57.477489632752295,182.49782219800863
48.0,54.65382319907039,185.2593260547972
48.15,51.95682037051882,187.9185772007807
48.3,49.40038763694972,190.46031510353487
48.45,47.00000319657672,192.86702941695853
48.6,44.772826914194404,195.11868013905354
48.75,42.73779049479085,197.1924165561096
48.9,40.91565923972956,199.06231550699724
49.05,39.32905803101385,200.69916153628154
49.2,38.002453333956694,202.0703061467454
49.35,36.962087970549966,203.13964028038598
49.5,36.23586966389338,203.8677253755883
49.65,35.853222718423844,204.2121165433471
49.8,35.844907175031956,204.12791291271083
49.95,36.2428122639844,203.5685361576411
50.1,37.079724544458415,202.48672523804478
50.25,38.389063210048924,200.83570417584346
50.4,40.20455822515201,198.5704516447144
50.55,42.55984481919208,195.64899512275093
50.7,45.487965793455494,192.03364567168845
50.85,49.02077034258097,187.69211311477335
51.0,53.188227837657706,182.5984603691382
51.15,58.01769545529939,176.73388890030762
51.3,63.53319099157929,170.08737240617108
51.45,69.75471257023833,162.6562019550166
51.6,76.69764330871705,154.44649917274342
51.75,84.37226603448936,145.47381158374745
51.9,92.78339147610917,135.7639160910304
52.05,101.93007670027639,125.3540285942744
52.2,111.80539121622539,114.29467074148911
52.35,122.3962035645028,102.65266843032015
52.5,133.68286729505064,90.51597054303508
52.65,145.63867413305258,78.00159140053083
52.8,158.2288694131863,65.26875324106373
52.95,171.40879991663226,52.54075192190093
53.1,185.12014861111194,40.14363501233887
53.25,199.28379500035078,28.562209226407763
53.4,213.7854755984218,18.500436674964057
53.55,228.4475935574609,10.814509743562029
53.7,242.9847849348949,6.024391779481194
53.85,256.95442287807464,3.651796783666525
54.0,269.71644158656744,2.5835982656037775
54.15,280.4188240475582,1.983005303644276
54.3,288.19004320308363,1.4897162969330053
54.45,292.79148024635134,1.0538127209742165
54.6,295.02200488899774,0.7434128533379405
54.75,295.980742826797,0.5714756281294078
54.9,296.3754996568856,0.49065816233993875
55.05,296.5361348909199,0.4557440720106366
55.2,296.5991605676931,0.4416239536880586
55.35,296.6189590132841,0.43695209267731244
55.5,296.6168861884327,0.43703322817411977
55.65,296.60124874083385,0.4400060459134662
55.8,296.5751831187301,0.44516834944977585
55.95,296.5397643154987,0.45228847924950183
56.1,296.49520906994246,0.4613339743001146
56.25,296.44132683575623,0.47236993185563336
56.4,296.37768835435895,0.48552135553559156
56.55,296.3037037094395,0.5009568579083493
56.7,296.2186281187881,0.5188889971204099
56.85,296.1215453506873,0.5395803574030561
57.0,296.0113597305448,0.5633483243933551
57.15,295.886781086731,0.5905715067646213
57.3,295.74628544972256,0.6217040747744979
57.45,295.58807475779,0.6572912511737139
57.6,295.41003896330466,0.6979846713469665
57.75,295.2097013221799,0.744565303277392
57.9,294.9841572532099,0.7979701075820822
58.05,294.72999097606174,0.8593290281948122
58.2,294.44318365932736,0.9300082316687035
58.35,294.1190202536931,1.0116578098723519
58.5,293.75197439710774,1.1062754886336204
58.65,293.3355645677005,1.2162945194146477
58.8,292.8622133558526,1.3446707911484361
58.95,292.3230969119062,1.4949980817611008
59.1,291.708004128992,1.67165834555918
59.25,291.00521941466945,1.8799926140491217
59.4,290.2014377708815,2.126468400321014
59.55,289.2817427736431,2.418858771060709
59.7,288.22977058515227,2.7664783030684865
59.85,287.02806726394743,3.1803979248611243
60.0,285.65852577764707,3.673494914201614
60.15,284.10316056598367,4.260412548242166
60.3,282.3452672759222,4.9573801055427875
60.45,280.3707750136049,5.781673801575161
60.6,278.1696119338982,6.750604540307103
60.75,275.7370337026101,7.880213998130676
60.9,273.0747683432396,9.183608428197603
61.05,270.19151051699384,10.66924739701334
61.2,267.10265084389573,12.339620114224404
61.35,263.82916820020904,14.190676371434476
61.5,260.3958114604136,16.21224493245058
61.65,256.82886922984477,18.389410344880478
61.8,253.15404229121185,20.70449006986737
61.95,249.39474727204052,23.139003482079374
62.1,245.5711267728023,25.67529493696395
62.25,241.69961247622092,28.297652900887815
62.4,237.7931370912695,30.99272436240904
62.55,233.86146544211803,33.7496598186665
62.7,229.91173033545644,36.55990914285797
62.85,225.94895930248853,39.4169253395313
63.0,221.97652163624994,42.31583980821799
63.15,217.99652370239815,45.25314530770481
63.3,214.0101305861834,48.226411131273075
63.45,210.0178308972234,51.23401348774682
63.6,206.0196721146131,54.274906283107505
63.75,202.01549501825588,57.348374919943204
63.9,198.00513695534127,60.45380288116864
64.05,193.9886232277513,63.59045563180657
64.2,189.9663002155707,66.75733059725633
64.35,185.93891220443894,69.95305749802374
64.5,181.9076049771827,73.17588702193906
64.65,177.8738641133287,76.42375053110685
64.8,173.83941678053296,79.69436217025984
64.95,169.80612642611263,82.98533436932709
65.1,165.77589863877358,86.2942796295422
65.25,161.7506115083854,89.61888806037662
65.4,157.73207402551623,92.95697447357576
65.55,153.7220081957924,96.30649847492028
65.7,149.72204916596897,99.66556555377095
65.85,145.73375823453338,103.03241312008913
66.0,141.75864163311942,106.40539054445537
66.15,137.7981747253882,109.78293289214353
66.3,133.85382692797356,113.16353398370346
66.45,129.92708657259612,116.54571968001758
66.6,126.0194858244472,119.92802118929887
66.75,122.13262508237415,123.3089491558349
66.9,118.26819698749641,126.68696836825491
67.05,114.42801068992912,130.06047234357936
67.2,110.61401696059653,133.42775711409038
67.35,106.82833455100885,136.78699371866622
67.5,103.07327829244277,140.136198774222
67.65,99.3513896827339,143.47320218874614
67.8,95.66547055347539,146.7956111996355
67.95,92.01862050049624,150.10076977688976
68.1,88.41427878432096,153.38571231798323
68.25,84.85627129603645,156.647110623255
68.4,81.34886341050066,159.8812127543752
68.55,77.89681963179193,163.08377208634457
68.7,74.50547055055608,166.24996519081796
68.85,71.1807879201534,169.37429655582807
69.0,67.92946852276562,172.45048793983855
69.15,64.75902680524621,175.47135092952618
69.3,61.67789684727747,178.42863969494476
69.45,58.69554303979441,181.31288213453857
69.6,55.822578241606195,184.11318799614426
69.75,53.07088751633963,186.81703280365312
69.9,50.45375417524605,189.41001770870386
70.05,47.98598348187772,191.87560926242318
70.2,45.684018167369224,194.19486231157777
70.35,43.56603762328766,196.34613804173827
70.5,41.65203342920477,198.30483037266737
70.65,39.963851713657675,200.04312509300277
70.8,38.52519175549795,201.52982449601132
70.95,37.361562263173305,202.73026467150422
71.1,36.50018923181008,203.6063751314949
71.25,35.96988250834397,204.11691707121238
71.4,35.80086584986572,204.2179366808328
71.55,36.024581684750416,203.86344817177917
71.7,36.67347080026737,203.0063454821361
71.85,37.7807215520697,201.59949850484068
72.0,39.37997575630536,199.59699338689867
72.15,41.504964657691815,196.95542294398365
72.3,44.18904862558309,193.63515885293972
72.45,47.46465490147959,189.60152399396324
72.6,51.362626605131645,184.825812341512
72.75,55.911508506567834,179.28614766610664
72.9,61.136805519295514,172.96817739830684
73.05,67.06027611654808,165.86564690519376
73.2,73.69930197960407,157.98091139997322
73.35,81.0663575431212,149.32548397868567
73.5,89.16858639142743,139.92073899313255
73.65,98.00748261968604,129.79891695868434
73.8,107.57865377643463,119.00467587461647
73.95,117.87160023814043,107.59754503814321
74.1,128.86944500854526,95.65586797646904
74.25,140.54852686812885,83.28326342526177
74.4,152.8776331219266,70.61916779485531
74.55,165.8165887637328,57.856355877594886
74.7,179.31338984295627,45.27236065276717
74.85,193.29888190012392,33.27711665227277
75.0,207.67599211330668,22.478128581462112
75.15,222.2981878517365,13.695991476711873
75.3,236.93150866973497,7.68471608585494
75.45,251.20469738991983,4.421928774771653
75.6,264.56486449574993,2.9383558348816496
75.75,276.2448392464406,2.209953216662095
75.9,285.32942673281184,1.6916408059776007
76.05,291.2167305399613,1.2252394634126111
76.2,294.2997483905663,0.8552547045310318
76.35,295.67752775703997,0.6292578053817238
76.5,296.2513461977037,0.5168114438089727
76.65,296.4858373732915,0.46681608846859457
76.8,296.5800320645622,0.44595388952223897
76.95,296.61410255413944,0.4381570095648969
77.1,296.6197013381156,0.43658057797187955
77.25,296.60917467846235,0.4384706170195246
77.4,296.5872686811693,0.4427618497875767
77.55,296.55570868028707,0.44907356191899767
77.7,296.5149897415016,0.4573081520523878
77.85,296.46505434831676,0.46749832159092686
78.0,296.405563239655,0.4797460821981503
78.15,296.33599995431445,0.49420014932978
78.3,296.25567707952933,0.5110562384805707
78.45,296.1637451047754,0.5305570547158681
78.6,296.0591895249885,0.5529950174088647
78.75,295.94081227427944,0.5787198672227366
78.9,295.8071913652576,0.6081527727594719
79.05,295.65664316612185,0.6418002552018978
79.2,295.48719293299393,0.680267132472825
79.35,295.2965303830658,0.7242752634353501
79.5,295.0819378132423,0.7746933503265917
79.65,294.84021534441774,0.8325691935421037
79.8,294.56761062314814,0.8991623440702837
79.95,294.25972346023894,0.9759921387836086
80.1,293.9113810546715,1.0649050214355757
80.25,293.51651137331635,1.1681455090031707
80.4,293.0680105912126,1.2884408057199
80.55,292.55760840254345,1.4290883313742428
80.7,291.9756976495731,1.594127540071373
80.85,291.3111984077527,1.7884784602040051
81.0,290.55146571321524,2.0181021545428264
81.15,289.68226184863425,2.2902026583040387
81.3,288.6878156554629,2.6134393454112663
81.45,287.5510490704827,2.9981210743424183
81.6,286.25402045390814,3.456346387096504
81.75,284.7786076917095,4.002046589662873
81.9,283.10746433902955,4.650856428441883
82.05,281.2252486573504,5.419699105596477
82.2,279.12001325713874,6.326016143487648
82.35,276.7846311231,7.3865655240364525
82.5,274.2180176609085,8.615873891547642
82.65,271.4259133625972,10.02451766708128
82.8,268.4209664455589,11.617576998517187
82.95,265.2219718792967,13.393707933913456
83.1,261.85241936389684,15.34530366428124
83.25,258.33823097484543,17.459331874594653
83.4,254.705508114634,19.718783796600004
83.55,250.97897636540804,22.105556275693647
83.7,247.18008984288986,24.60127901230453
83.85,243.3267620305959,27.1892304926884
84.0,239.43373733488852,29.85550268096221
84.15,235.5114890758873,32.58753795916389
84.3,231.56856158272225,35.3763295469693
84.45,227.61100804630306,38.21472175556308
84.6,223.64189847310442,41.09612126419343
84.75,219.66500806390323,44.01785721130413
84.9,215.681123792763,46.97620595179089
85.05,211.69142556407118,49.96975541417091
85.2,207.69559137960235,52.996645148810664
85.35,203.69406507258114,56.05666608984578
85.5,199.68624309215926,59.14871294903856
85.65,195.67228398486748,62.272379736178976
85.8,191.65240641262915,65.4268340956977
85.95,187.62704474817082,68.61068258140567
86.1,183.59721219151498,71.8223859113042
86.25,179.56429306565792,75.06002696664864
86.4,175.52991970367552,78.32139371287886
86.55,171.49591179249816,81.6041256335587
86.7,167.46416821411603,84.90582627230091
86.85,163.43658444528464,88.22414356690541
87.0,159.41500126880464,91.55683478467743
87.15,155.401181735133,94.90180374411477
87.3,151.39679391359635,98.25709243426067
87.45,147.4034274618259,101.62088466487839
87.6,143.4226096469344,104.99148703474935
87.75,139.45582550926918,108.36730131367536
87.9,135.50454380685434,111.74679993308148
88.05,131.5702420538019,115.12849880297149
88.2,127.65443103778658,118.51092993710661
88.35,123.75867956862818,121.89261572982566
88.5,119.8846386390092,125.2720433849439
88.65,116.03406563229558,128.64763937632574
88.8,112.20884892281347,132.01774377244016
88.95,108.4110335539418,135.3805834452419
89.1,104.64284863164808,138.73424342953535
89.25,100.90673679456164,142.07663598292123
89.4,97.20538648628158,145.40546628316383
89.55,93.54176770045439,148.71819390076405
89.7,89.91917192538409,152.01198902069783
89.85,86.341256929986,155.28368236685014
90.0,82.81209714387379,158.52970751452273
90.15,79.33624022158959,161.74603441753348
90.3,75.91877088183978,164.9280921359599
90.45,72.56538253968814,168.07067925954945
90.6,69.28245736195858,171.16786008078128
90.75,66.07715524802381,174.21284437655734
90.9,62.95751195035652,177.19784862554923
91.05,59.93254613998596,180.1139365274073
91.2,57.01237459750704,182.9508369454251
91.35,54.20833384972242,185.6967380388275
91.5,51.53310566653682,188.33805759898053
91.65,49.00084257188204,190.8591901291225
91.8,46.627287657771234,193.2422357168096
91.95,44.429881797719474,195.46671847290756
92.1,42.427850021045145,197.50930762321576
92.25,40.642258025582414,199.3435606005302
92.4,39.096030792153016,200.93971485627839
92.55,37.813927897998695,202.26456040963308
92.7,36.82247061047077,203.28143592983912
92.85,36.14982492233586,203.95038737698331
93.0,35.82564594420806,204.22852749730765
93.15,35.88089202794706,204.07062129361427
93.3,36.347616215505546,203.42990319624474
93.45,37.25872821220296,202.25910475503156
93.6,38.64772075988758,200.5116439132843
93.75,40.548336671996736,198.1429049643576
93.9,42.994152131633165,195.11152790201567
94.05,46.01806061253237,191.38062833033317
94.2,49.65165664294431,186.91888665987952
94.35,53.924533293432894,181.70147626411375
94.5,58.86355110810708,175.71082282493992
94.65,64.49212045557756,168.9372172780891
94.8,70.82953162128966,161.37934561011002
94.95,77.8903735330707,153.0448108296534
95.1,85.6840643187272,143.95075625744937
95.25,94.21449644898611,134.12472044910155
95.4,103.47977183395523,123.60592374054454
95.55,113.47198000216386,112.4472931604359
95.7,124.17696043988533,100.71869993906836
95.85,135.57396433040316,88.5121942281519
96.0,147.63507668169294,75.95028035360278
96.15,160.32407072213485,63.20072203959379
96.3,173.5943782803448,50.501045865604546
96.45,187.38502646973618,38.197832356365076
96.6,201.61239363526153,26.808400265277314
96.75,216.15428057461233,17.073147919679993
96.9,230.8190663134557,9.84127063051095
97.05,245.29910817413258,5.503505447528365
97.2,259.12233781520445,3.4187219441675567
97.35,271.61359300816065,2.4691249873796863
97.5,281.89411251834576,1.9000275859912494
97.65,289.14021664760384,1.4137503960477977
97.8,293.28241753543887,0.9935516939631849
97.95,295.2390593155511,0.7071123871960479
98.1,296.0707534335734,0.5536395872697812
98.25,296.41224857717594,0.4827824248301426
98.4,296.55088986891,0.45246822730300723
98.55,296.6044742357677,0.44040538965130566
98.7,296.61977868906854,0.436715740694968
98.85,296.615145619763,0.4373473636301646
99.0,296.5976806214411,0.4407046591976196
99.15,296.57005150695494,0.44619211149200366
99.3,296.53315961049924,0.4536240488130411
99.45,296.48711462888645,0.46298544403028596
99.6,296.43168666636876,0.47435469219993176
99.75,296.3664206469137,0.48786256029821573
99.9,296.29069526765164,0.5036861948170357
100.05,296.20373725392375,0.5220470524501498
100.2,296.1046082594162,0.5432146025887857
100.35,295.9921845336011,0.5675145953071455
100.5,295.86513749891327,0.5953380734216158
100.65,295.72190053898294,0.6271531699173198
100.8,295.5606306914173,0.6635199315617951
100.95,295.3791632577184,0.705109236271814
101.1,295.17495502922276,0.7527261671574333
101.25,294.94502101619946,0.807337283846851
101.4,294.68585349051136,0.870107793909692
101.55,294.39333095853044,0.9424457530793192
101.7,294.0626220852174,1.026048259290545
101.85,293.6880445890694,1.1229853119413207
102.0,293.26295326844973,1.235763394383973
102.15,292.77957965108476,1.3674307190793296
102.3,292.22888833063524,1.5217093033333378
102.45,291.60043651177955,1.703120640198499
102.6,290.8822409820842,1.9171688912481786
102.75,290.06073321030766,2.1705080847895073
102.9,289.1207678139145,2.4711648921057106
103.05,288.04578108274904,2.8287366375392318
103.2,286.8181211608876,3.25455329900724
103.35,285.41965060663443,3.761781481542867
103.5,283.8325554418092,4.365370843680784
103.65,282.0404817405473,5.081777346111646
103.8,280.0298534933223,5.9283363454281375
103.95,277.7913787103286,6.9222531792386075
104.1,275.32131326887475,8.079215157417222
104.25,272.62248968926815,9.411682471529543
104.4,269.70472283996753,10.927232845617105
104.55,266.58440249589574,12.627317223568419
104.7,263.2832547276976,14.506835088232629
104.85,259.82642991722906,16.554737524241663
105.0,256.2402719652333,18.755521187549668
105.15,252.5502328997957,21.091213073993224
105.3,248.77923015566134,23.543385843736854
105.45,244.9468129774554,26.094645307819224
105.6,241.06884925410685,28.72962185155463
105.75,237.1577107687975,31.435386691521533
105.9,233.222705835545,34.201475566183476
106.05,229.27057050197928,37.01969517446995
106.2,225.30604360280185,39.883789318597785
106.35,221.3322727387586,42.789126561714475
106.5,217.35118132750335,45.73239980426875
106.65,213.36381082759638,48.71131971716409
106.8,209.37056393773443,51.72437594308682
106.95,205.3714402351753,54.77059290009186
107.1,201.36626755801237,57.84928347865336
107.25,197.35490257326524,60.95982485753773
107.4,193.33741288832314,64.10145188728136
107.55,189.3142068260313,67.27310516536558
107.7,185.28609587087456,70.47335130525221
107.85,181.2542856457213,73.70038418869908
108.0,177.2203076526609,76.95209238016972
108.15,173.1859183521534,80.22616616055998
108.3,169.15299394973704,83.52021128171504
108.45,165.12343957711627,86.83184850402466
108.6,161.09912450856618,90.15878557570055
108.75,157.08184443929795,93.49885969987099
108.9,153.0733068874294,96.85005457576061
109.05,149.07513389897915,100.21049821649389
109.2,145.08887603488319,103.57844816787413
109.35,141.11603300072466,106.95226930023246
109.5,137.15807748503823,110.33040803380169
109.65,133.21648015219847,113.71136533884999
109.8,129.29273480457977,117.09366967620191
109.95,125.38838311302953,120.47585056133148
110.1,121.5050387360135,123.85641298582313
110.25,117.64441144448362,127.23381201834617
110.4,113.8083316131794,130.60642717476762
110.55,109.99877544264467,133.97253609832853
110.7,106.21789146447091,137.3302868961136
110.85,102.46802908217099,140.67766821480137
111.0,98.75176958887563,144.01247644468978
111.15,95.07196040062382,147.33227907405038
111.3,91.43175322534054,150.63437315921266
111.45,87.83464655768084,153.9157382375726
111.6,84.28453368278853,157.17298192020135
111.75,80.78575668946907,160.4022771040099
111.9,77.34316699438114,163.59928968597302
112.05,73.96219374221853,166.75909420318513
112.2,70.6489202923839,169.87607615063578
112.35,67.410169218459,172.9438192373303
112.5,64.25359682818477,175.95497425831292
112.65,61.18779647813603,178.9011086168473
112.8,58.22241038706162,181.77253425374676
112.95,55.36824909069749,184.55811126201965
113.1,52.63741563018695,187.2450283486796
113.25,50.04343166859412,189.81855937486
113.4,47.601360303463174,192.26179880112622
113.55,45.327919578213795,194.55538398025377
113.7,43.24157864303846,196.67721261584276
113.85,41.36262711062755,198.60217464602184
114.0,39.71321146588751,200.3019188355035
114.15,38.31732858845962,201.74468697340092
114.3,37.200772660860814,202.89525520277647
114.45,36.39103708007226,203.71501672525065
114.6,35.917172939569745,204.16225646519428
114.75,35.809615836176725,204.19264025187724
114.9,36.09998650392076,203.7599313483984
115.05,36.82086590616677,202.81693969736403
115.2,38.0055396156243,201.31664685824285
115.35,39.68769240921746,199.21345676318285
115.5,41.90102668670849,196.4644928143343
115.65,44.67879005475203,193.03085401725738
115.8,48.053198713054975,188.87876707424098
115.95,52.054769942943665,183.98057946257703
116.1,56.71160232052547,178.31559228621006
116.25,62.04863888068621,171.87072784187401
116.4,68.08697154430078,164.64108828237553
116.55,74.84322065330558,156.6304728138888
116.7,82.32902204637774,147.85193792809577
116.85,90.55062544423778,138.32853646991938
117.0,99.50858901001314,128.09438956869374
117.15,109.19754717211174,117.1963642643014
117.3,119.60598993777927,105.69672461088088
117.45,130.71598273328638,93.67736792222202
117.6,142.50271302926487,81.2468457194047
117.75,154.93361420221936,68.5518669287511
117.9,167.96683280526273,55.796764207613
118.05,181.5480818149557,43.27581957855758
118.2,195.6045886793803,31.426874469883735
118.35,210.0330869022856,20.894718092402425
118.5,224.6759380603735,12.520996708622999
118.65,239.28040754103074,6.986755046144403
118.8,253.4485068302565,4.0922719607526945
118.95,266.5943718775141,2.7894268178947708
119.1,277.91631518367586,2.1195775992987826
119.25,286.5040057784655,1.6128336023847205
119.4,291.88077935055423,1.1565825345876668
119.55,294.60930609077224,0.8089124331914037
119.7,295.8082486776341,0.6047823696185964
119.85,296.30492401980376,0.5056107926302235
120.0,296.5075837342342,0.4620438211735318
120.15,296.5884234204354,0.4440607497069575
120.3,296.6164693477041,0.4375847884047628
120.45,296.61890063764974,0.4366924008878829
120.6,296.60632509515483,0.4390190400423182
120.75,296.58278441848057,0.44365276901387607
120.9,296.5497264457074,0.45027808736575115
121.05,296.5075273830973,0.45882509928026294
121.2,296.456072634698,0.46934021754178673
121.35,296.39499136594986,0.4819336265670665
121.5,296.32373464424774,0.49676274196988557
121.65,296.24158979163036,0.5140305217435758
121.8,296.14768440038904,0.5339862892499462
121.95,296.0409758581523,0.556931203846517
122.1,295.92022893267364,0.5832270652444411
122.25,295.7839859647828,0.6133058746468947
122.4,295.63051717976833,0.6476906610302595
122.55,295.4577972649858,0.6870027640238524
122.7,295.2634531295213,0.7319861008801796
122.85,295.0446931094626,0.7835372758131165
123.0,294.7982369762727,0.8427336366496552
123.15,294.52023380616487,0.9108740931705105
123.3,294.2061619613406,0.989529416946918
123.45,293.85071631834785,1.0805993274161574
123.6,293.44766912001387,1.1863988321503056
123.75,292.98973949163576,1.3097407683347029
123.9,292.4684430080722,1.454041302081428
124.05,291.87393533242096,1.6234701214532727
124.2,291.1948966004922,1.8230976683427924
124.35,290.4184254030379,2.059072487125448
124.5,289.5300280988268,2.3388395367032384
124.65,288.5136997132781,2.6712972295620094
124.8,287.35220179378587,3.067032981878002
124.95,286.02750522975083,3.538438118064589
125.1,284.5215326786559,4.0997340537124645
125.25,282.8171875295437,4.766794472930453
125.4,280.89953096912484,5.556700366192339
125.55,278.7573163486293,6.486847274362593
125.7,276.38432794694654,7.5737586844384355
125.85,273.78055152875027,8.831459615187216
126.0,270.952875750215,10.269756257325408
126.15,267.91504187969485,11.892775435818244
126.3,264.68673936591426,13.698146585152221
126.45,261.2919477557489,15.677176088282259
126.6,257.75678270014714,17.816002239440976
126.75,254.10730319460512,20.097429620708994
126.9,250.36763376017376,22.5030082435624
127.05,246.55880336891866,25.014756845244655
127.2,242.69822285657528,27.61637765212916
127.35,238.79968514987755,30.293897913037032
127.5,234.87372231254554,33.035835839988906
127.65,230.92808488632562,35.83307951115576
127.8,226.96828389005245,38.67860412174815
127.95,222.9980887350638,41.56713460218052
128.1,219.01989360445424,44.49484513305434
128.25,215.03507280474713,47.459054363779174
128.4,211.04427059583318,50.457952332099644
128.55,207.0476247596431,53.49037151522485
128.7,203.0450099912141,56.5555314051771
128.85,199.03624688397375,59.652809464692744
129.0,195.02129530765055,62.78152225249056
129.15,191.000409189431,65.94074792321513
129.3,186.97422811486257,69.12921417471006
129.45,182.94379800907953,72.34526614092724
129.6,178.91052491486374,75.58690881457247
129.75,174.87608415455188,78.85190144860844
129.9,170.84231400678843,82.13787188741807
130.05,166.81111700866978,85.44242407456838
130.2,162.7843835349314,88.76322251633806
130.35,158.76394310120614,92.09804676214642
130.5,154.75154068449453,95.44481845780362
130.65,150.748832965651,98.80160636415647
130.8,146.75739823600452,102.16661613465754
130.95,142.77875472567695,105.53817068085301
131.1,138.81438344750754,108.91468549496918
131.25,134.8657528248099,112.29464202562521
131.4,130.93434393010784,115.67656047045661
131.55,127.02167541960095,119.0589730555949
131.7,123.12932786883901,122.44039813213585
131.85,119.25896782506553,125.81931478870438
132.0,115.4123721181057,129.19413734453144
132.15,111.59145271135948,132.56318939990152
132.3,107.79828261262908,135.9246768069812
132.45,104.0351234318542,139.2766588470853
132.6,100.30445533504749,142.617016686212
132.75,96.60900988348219,145.94341841177175
132.9,92.95180634350595,149.25327982615764
133.05,89.33619242275319,152.5437196526322
133.2,85.76588984335856,155.8115083857977
133.35,82.24504560911174,159.05300937734657
133.5,78.77828995378744,162.2641103821799
133.65,75.37080116372078,165.4401447439744
133.8,72.0283785729311,168.57579960018788
133.95,68.75752421458068,171.66500923056776
134.1,65.56553298378475,174.70083250192545
134.25,62.46059245164478,177.67531052082958
134.4,59.45189137711255,180.57930341257205
134.55,56.54973585374735,183.40230509500498
134.7,53.76567208247643,186.13223287890716
134.85,51.11261212615076,188.75519368358817
135.0,48.60495881068773,191.2552285128911
135.15,46.25872393308398,193.61403849366218
135.3,44.09163263550312,195.8107030888073
135.45,42.12320568764704,197.8214031275697
135.6,40.37480947818559,199.61917048695764
135.75,38.86966931044437,201.1736887765291
135.9,37.632836341063964,202.45118377302765
136.05,36.69110638626696,203.4144461596843
136.2,36.07289752469302,204.0230160534893
136.35,35.80808841191209,204.2335808593982
136.5,35.92782879432723,204.0006008641093
136.65,36.46432650733455,203.2771560053596
136.8,37.450605876080495,202.01600889547942
136.95,38.920225362192426,200.1708115527344
137.1,40.90693259888558,197.69739054817282
137.25,43.444229792691615,194.5550318130546
137.4,46.564841123670014,190.7076820845481
137.55,50.30008219616332,186.12501577388684
137.7,54.67915417008955,180.78332908639004
137.85,59.72841046264393,174.66627832124215
138.0,65.47063654536036,167.76547602490965
138.15,71.92439598331505,160.08101384247365
138.3,79.10346793940154,151.62199394308084
138.45,87.01640012683174,142.40717245747578
138.6,95.66616776772189,132.46587459380243
138.75,105.04991265017453,121.83936976496783
138.9,115.15872792279579,110.58305993472166
139.05,125.9774105375308,98.76997125940107
139.2,137.48410972140888,86.49638128590945
139.35,149.64964273987255,73.89119661487933
139.5,162.43631182017955,61.131596742786314
139.65,175.79556873624995,48.46891654756912
139.8,189.66339917490754,36.27322194811518
139.95,203.95137058207845,25.095761077927015
140.1,218.5285987517063,15.711020629446702
140.25,233.18811220675911,8.945681760118587
140.4,247.5986676628219,5.042370037087047
140.55,261.2577167725036,3.214136731091426
140.7,273.4544996784505,2.363520537026417
140.85,283.28939599195473,1.81854489980433
141.0,290.0071892525608,1.3392647062027128
141.15,293.71635030084616,0.9369671723028307
141.3,295.4278809861599,0.6743627164748707
141.45,296.14870580197334,0.5379147804920048
141.6,296.44404122033313,0.47591612817817625
141.75,296.56356840718047,0.44964214912022393
141.9,296.60884975217647,0.43939330753834477
142.05,296.62010525718597,0.43658763298274605
142.2,296.61307656802757,0.4377311243905939
142.35,296.5938508900501,0.44145906988742045
142.5,296.5646928314824,0.4472685051506479
142.65,296.52631596761,0.45500995340552947
142.8,296.47877243404685,0.46469016353384096
142.95,296.4217829956625,0.47639585866329703
143.1,296.3548620501635,0.4902670516387268
143.25,296.2773681955374,0.506486974630923
143.4,296.18850869432225,0.5252827460870442
143.55,296.08731563646893,0.5469324249568751
143.7,295.972621015753,0.5717742448984073
143.85,295.84305858400256,0.6002115789220127
144.0,295.6970315466575,0.6327240176796971
144.15,295.5326490193803,0.6698874101028891
144.3,295.3476786988217,0.7123949071685903
144.45,295.13951071997025,0.7610765868963818
144.6,294.9050918478718,0.8169261418228339
144.75,294.6408220252577,0.8811424568334926
144.9,294.3424592610789,0.9551796343504466
145.05,294.00504008528196,1.0407967393222177
145.2,293.62275852135934,1.1401185180701316
145.35,293.1887921721966,1.2557274607886164
145.5,292.69515224578424,1.3907820079877653
145.65,292.13258699239697,1.549133233925638
145.8,291.49044176463684,1.7354448810410268
145.95,290.7564772749561,1.9553718872385941
146.1,289.91683917561767,2.215787315265542
146.25,288.95612741507915,2.5249809642136016
146.4,287.8575820290646,2.8928226586668746
146.55,286.6034280768573,3.33090702113448
146.7,285.17553379358714,3.852686799164508
146.85,283.5562601791525,4.47342899792048
147.0,281.72957265837846,5.209766558791751
147.15,279.68247498383914,6.079043138196997
147.3,277.4065607217792,7.098429720540476
147.45,274.8990909198728,8.283147195833914
147.6,272.16386428888507,9.64485815002486
147.75,269.21197975581,11.19038354357896
147.9,266.06085374196846,12.920091888715534
148.05,262.7326528539269,14.827690099739245
148.2,259.2530973915039,16.90149776967627
148.35,255.64847432383678,19.125383579236654
148.5,251.94340981304964,21.480891691897533
148.65,248.16114801434696,23.95032561115467
148.8,244.32053513612382,26.516288739177927
148.95,240.4364589473662,29.163583395570967
149.1,236.52086283861038,31.87976817716244
149.25,232.5826475700483,34.654804638944206
149.4,228.62823703150173,37.48085177083125
149.55,224.66203967674105,40.35192092479095
149.7,220.68697815108703,43.26361619066691
149.85,216.7048237629521,46.21280892973387
150.0,212.71649141250634,49.19735715818293
